File,Report URL
A06-2.pdf,https://drive.google.com/file/d/1-13kDfTIWbfim9yND-tpXNiTohEB-9wX/view?usp=drivesdk
B17-1.pdf,https://drive.google.com/file/d/10VEKJZ_TWxqBKimkeTWUmmYjivagMGZJ/view?usp=drivesdk
B15-1.pdf,https://drive.google.com/file/d/12nO6DjGLh9vk6HesZxI6bP9Jz0s_UGoT/view?usp=drivesdk
B18-1.pdf,https://drive.google.com/file/d/15O5Jrf9JOiCC57OWpSJGujG4X2MItNMK/view?usp=drivesdk
B14-1.pdf,https://drive.google.com/file/d/15cgEj5b0Qrsmwh8P-SxaoedVC1DEMWfk/view?usp=drivesdk
A02-2.pdf,https://drive.google.com/file/d/190sUeABNC-E0qooRXufQDKANdHkc-RxM/view?usp=drivesdk
B01-1.pdf,https://drive.google.com/file/d/1EAWspG9ubShZGzAb2xw818fmrj3BK-7h/view?usp=drivesdk
B319-1.pdf,https://drive.google.com/file/d/1Jrr19qlQAOZJN7n52TEsev-bJ2nCXs35/view?usp=drivesdk
A14-2.pdf,https://drive.google.com/file/d/1KB_L_Xi7N7hGGX-9HrH2GkfuVVXito2T/view?usp=drivesdk
B25-4.pdf,https://drive.google.com/file/d/1Mk2uujYlSpMKpOzAgYlZWoz1AOed6XPl/view?usp=drivesdk
A05-2.pdf,https://drive.google.com/file/d/1NYtm0UhGMkCnvrfEqCAp59Sr9eN_O4vh/view?usp=drivesdk
B01-2.pdf,https://drive.google.com/file/d/1QBKy5_gyt0SQEFDOk4QlIMqFR1rld2rU/view?usp=drivesdk
A07-2.pdf,https://drive.google.com/file/d/1R0hEK9u744ocJlsf6BsqoSnRFVauGoSW/view?usp=drivesdk
A01-1.pdf,https://drive.google.com/file/d/1R8tkqk4DWIop3H9xB_IiRIGu3Lg5xOhe/view?usp=drivesdk
B25-1.pdf,https://drive.google.com/file/d/1TtKa3qlYn-rOsDofCywIBpVcrjLjBhyB/view?usp=drivesdk
A01-3.pdf,https://drive.google.com/file/d/1Um2Om1pehjuR4XDSQUlWijJFlfhqBQIS/view?usp=drivesdk
A02-1.pdf,https://drive.google.com/file/d/1UrN4tA0_7iL1MNYRo18lMy3BSNwW27WI/view?usp=drivesdk
B18-2.pdf,https://drive.google.com/file/d/1UyArQnc2bQYPUdlHa0Lf-GNSF70n_1Oh/view?usp=drivesdk
B25-2.pdf,https://drive.google.com/file/d/1WBOreSLj3QZscaqc21R6yOCzxPMFq10c/view?usp=drivesdk
A03-3.pdf,https://drive.google.com/file/d/1YjHSnG9jfTCofcyjl8EZrzBSdz9eYk8R/view?usp=drivesdk
B04-1.pdf,https://drive.google.com/file/d/1cEuRrEtS43C81IrKWcEqVuC81JNc3NU-/view?usp=drivesdk
B16-2.pdf,https://drive.google.com/file/d/1ebad7RuKX5CAMirsm3eL_hmDdZgPB85D/view?usp=drivesdk
B06-1.pdf,https://drive.google.com/file/d/1gRXHNkC3B8zMSdUkSrZHGsqYj3tJZOdT/view?usp=drivesdk
A15-1.pdf,https://drive.google.com/file/d/1hsOsV1ykbxqv20dDW8Dp3xjKIZ8utWrY/view?usp=drivesdk
A15-3.pdf,https://drive.google.com/file/d/1kGL500JIx-GclVPg87JwWa_KBH0rnyv5/view?usp=drivesdk
A08-1.pdf,https://drive.google.com/file/d/1lp0Vq_cZd19051WqnaR0nBOAQ7Ubd3gM/view?usp=drivesdk
B09-1.pdf,https://drive.google.com/file/d/1m-95y-clbX19Tvfub6C1EVUfk67obBbd/view?usp=drivesdk
A16-1.pdf,https://drive.google.com/file/d/1m2wUHrn8LPm1j5SjnueLNa5qGnjtqjCx/view?usp=drivesdk
A14-3.pdf,https://drive.google.com/file/d/1nB4tn-SLjMxHcxCxH8gqXqSM_V-b0gr6/view?usp=drivesdk
B07-2.pdf,https://drive.google.com/file/d/1tMRYeJjkdbJ8dC3fZfy0i9C3HsaDdNmI/view?usp=drivesdk
A13-1.pdf,https://drive.google.com/file/d/1up_yEm6UoPp4EHPtbsBKms3f9pKCazko/view?usp=drivesdk
B14-2.pdf,https://drive.google.com/file/d/1wRnpncVJy-a9zYR1k7TOZbLjTeQi9e3Y/view?usp=drivesdk
A07-1.pdf,https://drive.google.com/file/d/1xj6vi8dZKx0cBooOAjohbmKgO3PuENPa/view?usp=drivesdk
A09-1.pdf,https://drive.google.com/file/d/12oeXPTm7E-_hSYmgCcHBkbUWIBywxvpm/view?usp=drivesdk
A11-2.pdf,https://drive.google.com/file/d/13TkvohhkBROIW7BB643oblBvJz5pptGe/view?usp=drivesdk
A04-1.pdf,https://drive.google.com/file/d/13pJ3lStVzOWS8KMK5Ed9uIk0xNdVrFpf/view?usp=drivesdk
A17-1.pdf,https://drive.google.com/file/d/15l2BLS-PvuL3TjchDSVcr9LxJYGc-fFj/view?usp=drivesdk
B319-3.pdf,https://drive.google.com/file/d/18Fvo1gpB-MmCyFUwfMFYNxgwE4ugXaIM/view?usp=drivesdk
A14-4.pdf,https://drive.google.com/file/d/18Zz5Xgl2BkoN0fkU69UNx0lvy2cbgzoQ/view?usp=drivesdk
A17-2.pdf,https://drive.google.com/file/d/1Awvjs2wqGFKbhkAPadKIne63CAhkeiwr/view?usp=drivesdk
A10-1.pdf,https://drive.google.com/file/d/1Dm5oS57lnDtHxpotyuWajDOmVW7vUStC/view?usp=drivesdk
B09-3.pdf,https://drive.google.com/file/d/1F7mGlL-Zo2h1u3-PhnqSyaGP6iUq-e-W/view?usp=drivesdk
A06-1.pdf,https://drive.google.com/file/d/1F_e-ptRl7zsudbJO6jYHvB0kJKAA8Nar/view?usp=drivesdk
B20-1.pdf,https://drive.google.com/file/d/1Gf7fcC4OMxyWoUNWDI6o3CB6ieyh8S0m/view?usp=drivesdk
A01-2.pdf,https://drive.google.com/file/d/1HsCqocF80rk7cEGDdJkHdA3CZ31IDtdn/view?usp=drivesdk
A12-2.pdf,https://drive.google.com/file/d/1IlZG5haE3QZom6ymYX4OvTgOxebMoy_y/view?usp=drivesdk
B10-1.pdf,https://drive.google.com/file/d/1KVcQPXKCKVXNh5Ug-qzFNA31YzJXzKEb/view?usp=drivesdk
A10-2.pdf,https://drive.google.com/file/d/1Kr4Mn0JVtUvl0V7YFv8qJOQgKcr6ISD3/view?usp=drivesdk
B08-1.pdf,https://drive.google.com/file/d/1NhtymRlCO9NW-Awpr0l3zvNC_QlP097J/view?usp=drivesdk
B16-1.pdf,https://drive.google.com/file/d/1TIRdVPAMzYCFyY4q0k01z8i20_8jmRO-/view?usp=drivesdk
A03-1.pdf,https://drive.google.com/file/d/1TUuWDEPs1TEeCuTcY-LtLtfcw_kFS24s/view?usp=drivesdk
B04-2.pdf,https://drive.google.com/file/d/1XZFodTmqfSjhs_77ln-pnKJfeRohLKqq/view?usp=drivesdk
A04-2.pdf,https://drive.google.com/file/d/1XrKOHZ6kSN_zucI6wOjCIVkCc4Dw9zB3/view?usp=drivesdk
A12-1.pdf,https://drive.google.com/file/d/1_pufwtThCU6DZEgdZi3Fg7z6kB9rjmT5/view?usp=drivesdk
A03-2.pdf,https://drive.google.com/file/d/1eONFMcJJvwlrkcfixxt8NG1B2SPe1DHx/view?usp=drivesdk
A14-1.pdf,https://drive.google.com/file/d/1eyD2lFWYxPeSG6tgtb9WMNSprpRIkUIJ/view?usp=drivesdk
B13-1.pdf,https://drive.google.com/file/d/1fvD2c6gMAdjvUmZ2fkwSLuqElHt7y-cQ/view?usp=drivesdk
B319-2.pdf,https://drive.google.com/file/d/1iGsZFQrWNduOyzG-M47wgh95Kfgvs9oR/view?usp=drivesdk
A15-2.pdf,https://drive.google.com/file/d/1iagfeu53Of6Ciq-bMbqB7V6esRwm7vTK/view?usp=drivesdk
B07-1.pdf,https://drive.google.com/file/d/1j8lFJQ8lpBu-vSkPiIK3TK_dT3ZtNpuC/view?usp=drivesdk
A04-3.pdf,https://drive.google.com/file/d/1jvZeZnv5IgBTxvrcPnhyDt6nclg7kCDk/view?usp=drivesdk
A05-1.pdf,https://drive.google.com/file/d/1kq5DpmaYKHzQawH6u30CJMTz2PZCcjUH/view?usp=drivesdk
B09-2.pdf,https://drive.google.com/file/d/1l730YKRmQcQK0-jmk4c8_E9EI8Q_Uq7q/view?usp=drivesdk
B14-3.pdf,https://drive.google.com/file/d/1zVZjkvTNF8rxSSz1dwiSutFvN1W0_jPI/view?usp=drivesdk
A11-1.pdf,https://drive.google.com/file/d/1kODg7Qw4hAj1e2Ct91R_tvom8MHdeGln/view?usp=share_link